{
  "train_loss": [
    0.022311035301222554,
    0.004265515418982798,
    0.0033849359314908683,
    0.0024691777044242593,
    0.002269227467377486,
    0.0020370755742545057,
    0.0018907793637815788,
    0.0017387144303927697,
    0.0015374042074499826,
    0.0014809987921008175,
    0.0012792002748067605,
    0.0012592080711161754,
    0.0011498302663070297,
    0.0009117697417817348,
    0.0009726521351900962,
    0.0010100655475378914,
    0.0008344092120375102,
    0.0008896515607708355,
    0.0007410451484495378,
    0.0007887268414867794,
    0.0007459078207654825,
    0.0007116393904878428,
    0.000674339031635186,
    0.0006279478489262997,
    0.0005609641745857678,
    0.00047523123237117553
  ],
  "val_rmse": [
    14.53384934038143,
    9.315449012995904,
    7.407928189157195,
    11.08443976213596,
    9.6608070278824,
    7.032216050037002,
    8.7240428214907,
    8.184260717196398,
    10.748986800060086,
    9.812107816341724,
    9.331717435307972,
    7.484691088108158,
    9.34904903313983,
    9.368034720214554,
    8.928151430918845,
    11.95273895329077,
    8.642823054078498,
    8.877307429601977,
    7.155321640957674,
    7.532935737872336,
    8.471659961742587,
    8.636343924846273,
    9.206716835239588,
    9.44261241656024,
    8.390772162479736,
    9.221265507970047
  ]
}