{
  "train_loss": [
    1484.5348962386552,
    1461.639220480777,
    1383.1660614211069,
    1290.2521476794955,
    1218.4821475721114,
    1150.1564415540608,
    1076.5594525849217,
    1005.8572504554344,
    930.5951320949224,
    863.4135874048704,
    790.2910709751222,
    740.834573881438,
    676.0811457270022,
    624.6624061416685,
    574.4702078558958,
    532.165247592704,
    494.66458804980596,
    474.925263832951,
    439.45885241509717,
    434.0659671600855,
    427.94783258869916,
    431.65563320342505,
    435.27551707752616,
    445.57320144475665,
    439.95317505988237,
    437.1195035591471,
    438.95392177330103,
    438.93321695858265,
    433.1673896266449,
    426.6391269145931,
    441.00454471089705,
    425.22196113616036,
    440.5127867270565,
    430.0211545443319,
    431.5774151208638,
    434.3623299543176,
    443.64141048219193,
    431.41628190369994,
    440.1331561287193,
    434.54145603747446
  ],
  "val_rmse": [
    38.399810791015625,
    37.479984283447266,
    36.14055252075195,
    35.085426330566406,
    34.05849075317383,
    32.98777770996094,
    31.873332977294922,
    30.721967697143555,
    29.544828414916992,
    28.34859848022461,
    27.147361755371094,
    25.955238342285156,
    24.78868293762207,
    23.666271209716797,
    22.615705490112305,
    21.671371459960938,
    20.860599517822266,
    20.21314239501953,
    19.763181686401367,
    19.525293350219727,
    19.489633560180664,
    19.520864486694336,
    19.533124923706055,
    19.511499404907227,
    19.489561080932617,
    19.496795654296875,
    19.530405044555664,
    19.540849685668945,
    19.541431427001953,
    19.544631958007812,
    19.539859771728516,
    19.531646728515625,
    19.52446174621582,
    19.518657684326172,
    19.515918731689453,
    19.510469436645508,
    19.507080078125,
    19.50510597229004,
    19.505313873291016,
    19.50661849975586
  ],
  "val_mae": [
    33.092838287353516,
    32.05939865112305,
    30.5985164642334,
    29.483850479125977,
    28.43415069580078,
    27.370929718017578,
    26.29709243774414,
    25.232746124267578,
    24.178754806518555,
    23.155540466308594,
    22.168087005615234,
    21.228347778320312,
    20.35102081298828,
    19.546611785888672,
    18.82681655883789,
    18.207386016845703,
    17.696304321289062,
    17.301677703857422,
    17.034364700317383,
    16.8957576751709,
    16.87846565246582,
    16.896560668945312,
    16.903650283813477,
    16.890235900878906,
    16.878433227539062,
    16.882455825805664,
    16.899139404296875,
    16.906803131103516,
    16.907211303710938,
    16.909406661987305,
    16.906137466430664,
    16.9001407623291,
    16.89558982849121,
    16.89345359802246,
    16.89242172241211,
    16.890178680419922,
    16.888675689697266,
    16.887760162353516,
    16.887887954711914,
    16.888530731201172
  ]
}