{
  "train_loss": [
    1695.876220703125,
    1690.25341796875,
    1685.21826171875,
    1679.369140625,
    1672.657958984375,
    1663.23583984375,
    1651.202392578125,
    1635.4052734375,
    1616.11181640625,
    1590.2384033203125,
    1563.97216796875,
    1531.84326171875,
    1500.47705078125,
    1462.4869384765625,
    1426.8829345703125,
    1381.5374755859375,
    1336.596923828125,
    1296.7562255859375,
    1247.495361328125,
    1203.790283203125,
    1147.3775634765625,
    1089.67919921875,
    1050.611572265625,
    987.7608642578125,
    946.0186767578125,
    889.2335205078125,
    833.2909545898438,
    795.0294189453125,
    755.3291625976562,
    712.0612182617188,
    672.6797485351562,
    620.0746459960938,
    597.9496459960938,
    545.4594116210938,
    517.0844116210938,
    478.7459411621094,
    448.8756103515625,
    431.9855651855469,
    426.3131408691406,
    408.16705322265625,
    394.4821472167969,
    385.953857421875,
    364.62908935546875,
    362.8487548828125,
    350.21746826171875
  ],
  "val_rmse": [
    17.06005096435547,
    16.99757957458496,
    16.92990493774414,
    16.84823989868164,
    16.738452911376953,
    16.58929443359375,
    16.39171028137207,
    16.145132064819336,
    15.852923393249512,
    15.519170761108398,
    15.14027214050293,
    14.7127046585083,
    14.236979484558105,
    13.71634578704834,
    13.152372360229492,
    12.54631519317627,
    11.900583267211914,
    11.217536926269531,
    10.503840446472168,
    9.76278018951416,
    9.001601219177246,
    8.234710693359375,
    7.4761457443237305,
    6.742145538330078,
    6.051061153411865,
    5.423746109008789,
    4.886288642883301,
    4.470776557922363,
    4.213487148284912,
    4.144834518432617,
    4.2739973068237305,
    4.583840370178223,
    5.040886402130127,
    5.609496116638184,
    6.2600884437561035,
    6.971197605133057,
    7.343835353851318,
    7.725177764892578,
    8.113983154296875,
    8.509248733520508,
    8.910393714904785,
    9.316694259643555,
    9.521339416503906,
    9.726700782775879,
    9.932672500610352
  ],
  "val_mae": [
    16.58143424987793,
    16.518041610717773,
    16.449800491333008,
    16.368377685546875,
    16.259397506713867,
    16.111434936523438,
    15.914968490600586,
    15.668448448181152,
    15.374073028564453,
    15.035053253173828,
    14.647194862365723,
    14.206949234008789,
    13.71485710144043,
    13.173941612243652,
    12.58536434173584,
    11.948336601257324,
    11.264695167541504,
    10.534912109375,
    9.762999534606934,
    8.94937801361084,
    8.097770690917969,
    7.226089000701904,
    6.361033916473389,
    5.551586627960205,
    4.844191074371338,
    4.265069007873535,
    3.8212339878082275,
    3.5245611667633057,
    3.3799145221710205,
    3.387382745742798,
    3.5428519248962402,
    3.828036069869995,
    4.237222671508789,
    4.757736682891846,
    5.371744632720947,
    6.066503524780273,
    6.440359115600586,
    6.82305383682251,
    7.222985744476318,
    7.623213768005371,
    8.037626266479492,
    8.454739570617676,
    8.666403770446777,
    8.8828125,
    9.098834991455078
  ]
}